<?xml version="1.0" ?>
<GaaihoLayout name="IE Mode" type="ZeonUILayout" mode="42" version="4">
  <Border captionmode="1">
    <HeadBar>
    </HeadBar>
  </Border>
  <Frisbee>
    <Left panelcount="7" cursel="-1">
      <panel name="Bookmark"/>
      <panel name="Thumbnail"/>
	  <panel name="Attachment"/>
      <panel name="Comments"/>
      <panel name="Destinations"/>
      <panel name="Z3DTreePanel"/>
      <panel name="Tag"/>
      <panel name="DigSigPanel"/>
     <panel name="Layer" />
      <panel name="Stamps"/>
    </Left>
    <Top panelcount="0" showmode="65539">
      <toolbar name="toolbar::start" itemcount="0" autozip="0">
        <PFFButton name="StartDoc" title="Start Doc" IconMode="1"/>
        <PFFButton name="SaveAs" title="Save As..." IconMode="1"/>
        <PFFButton name="Print" title="Print..." IconMode="1"/>
        <PFFButton name="PrintPackage" title="Print" IconMode="1"/>
        <PFFButton name="emailbtn" title="Email" IconMode="1"/>
        <PFFButton name="Hand" title="Hand" IconMode="1"/>
        <PFFButton name="Select" title="Select" IconMode="1"/>
        <PFFButton name="Snapshot" title="Snapshot" IconMode="1"/>
        <PFFButton name="Loupe" title="Loupe" IconMode="1"/>
        <PFFButton name="Find" title="Find" IconMode="1"/>
        <PFFButton name="Search" title="Search" IconMode="1"/>
		<PFFButton name="Button:Note" />
		<PFFButton name="Button:Highlight" />
		<PFFButton name="Button:Crossout"/>
		<PFFButton name="Button:Underline"/>
        <PFFButton name="DocumentProperties" title="Document Properties" IconMode="1"/>
        <PFFButton name="IESwitchLayout" title="Switch" IconMode="1"/>
      </toolbar>
    </Top>
    <Right panelcount="0">
    </Right>
  </Frisbee>
</GaaihoLayout>
