﻿<?xml version="1.0" ?>
<GaaihoLayout name="Review" type="ZeonUILayout" mode="10" version="4">
	<Border captionmode="1">
		<HeadBar>
			<PFFButton name="Open" default="1"/>
			<PFFButton name="Save" default="1"/>
			<PFFButton name="emailbtn" default="1"/>
			<PFFButton name="Print" default="1"/>
			<PFFButton name="Undo" default="1"/>
			<PFFButton name="Redo" default="1"/>
			<PFFButton name="Repeat" default="1"/>
			<PFFButton name="TouchMode" default="1"/>
		</HeadBar>
	</Border>
	<FileMenu>
    <PFFButton name="Properties" shortKey ="K"/>
    <PFFButton name="Open" shortKey ="O" showonqat="0"/>
    <PFFButton name="Save" shortKey ="S" showonqat="0"/>
    <PFFButton name="SaveAs" shortKey ="A"/>
    <PFFButton name="SaveAsPortfolio" shortKey ="A"/>
    <PFFButton name="CommitToDMS"/>
    <PFFButton name="DMSManager" shortKey="G"/>
    <PFFButton name="Print" shortKey ="P"/>
    <PFFButton name="PrintPackage" shortKey ="P" showonqat="0"/>
    <PFFButton name="Email" shortKey ="M"/>
    <PFFButton name="Close" shortKey ="C"/>
    <PFFButton name="-"/>
    <PFFButton name="Preferences" shortKey ="F"/>
    <PFFButton name="Exit" shortKey ="X"/>
    <!-- 
    <PFFButton name="ConvertToEditableDocument" shortKey ="E"/>
    <PFFButton name="ReturnEditable" shortKey ="B"/>
    <PFFButton name="ConvertToPDF" shortKey ="D"/>
    <PFFButton name="OperPlay" />
    <PFFButton name="OperPlayStep" />
    <PFFButton name="SaveDataFile" />
		<PFFButton name="CommitToDMS" shortkey = "U"/>
		<PFFButton name="Recent" shortKey ="R"/>
		<PFFButton name="PrintPackage" shortKey ="G"/>
		<PFFButton name="Connectors" shortKey ="L"/>
		<PFFButton name="FaxViaEmail" shortKey ="W"/>
    -->
    
	</FileMenu>
<Frisbee>
	<Left panelcount="21" cursel="-1">
		<panel name="Bookmark" shortKey ="M"/>
		<panel name="Thumbnail" shortKey ="R"/>
		<panel name="Attachment" shortKey ="N"/>
		<panel name="Comments" shortKey ="Q"/>
		
		<panel name="Z3DTreePanel" shortKey ="XJ" visible="FALSE"/>
		<panel name="DigSigPanel"  shortKey ="XD" visible="FALSE"/>
		<panel name="Layer" shortKey ="XL" visible="FALSE"/>
				
		<panel name="Stamps" shortKey ="T"/>
	</Left>
	<Right panelcount="6" cursel="-1">
	</Right>
	<Top panelcount="0" cursel="0">
	<toolbar name="tool::home"  shortKey ="H">
      <PFFGroup name="tool::review_basic::pdfmanager" GroupType="PFFTitleBlock">
        <PFFButton name="Zeon:PDFManager"/>
      </PFFGroup>
<!--      <PFFGroup name="tool::home::contentediting" GroupType="PFFTitleBlock">
				<PFFButton name="Touchup:Test" />
        <PFFButton name="MakeWritable"/>           
        <PFFButton name="ReturnEditable"/>
        <PFFButton name="ExT_Covt"/>           
 				<PFFButton name="SelectEdit"/>
				<PFFButton name="TWInsert_AddText"/>
      </PFFGroup> -->
      <PFFGroup name="tool::home::basiccomment" GroupType="PFFTitleBlock">
        <PFFButton name="Button:Note"/>
        <PFFButton name="Button:TypeWrite"/>
        <PFFButton name="Button:Freetext"/>
      </PFFGroup>
      <PFFGroup name="tool::home::textmarkup" GroupType="PFFTitleBlock">
        <PFFButton name="Button:Highlight"/>
        <PFFButton name="Button:Crossout"/>
        <PFFButton name="Button:Underline"/>
      </PFFGroup>
      <PFFGroup name="tool::home::security" GroupType="PFFTitleBlock">
      	<PFFButton name="Button:Signature"/>
        <PFFButton name="DocSecurity"/>
        <PFFButton name="Trusted Identity"/>
      </PFFGroup>
   		
<!--      <PFFGroup name="tool::home::security" GroupType="PFFTitleBlock">
        <PFFButton name="SignCert"/>
        <PFFButton name="DocSecurity"/>
      </PFFGroup>
-->      
      <PFFGroup name="tool::home::search" GroupType="PFFTitleBlock">
        <PFFButton name="Find"/>
        <PFFButton name="Search"/>
      </PFFGroup>

<!--      <PFFGroup name="tool::advance::collaboration"  GroupType="PFFTitleBlock">
        <PFFButton name="Collaboration"/>
      </PFFGroup>
-->
     <PFFGroup name="tool::share::send" GroupType="PFFTitleBlock">
        <PFFButton name="emailbtn"/>
        <PFFButton name="SendtoEvernote"/>
        <PFFButton name="SendtoDropbox"/>
      </PFFGroup>
<!--
      <PFFGroup name="tool::home::newtools" GroupType="PFFTitleBlock">
        <PFFButton name="Customize"/>
      </PFFGroup>     
      <PFFGroup name="tool::home::exceltable" GroupType="PFFTitleBlock">
          <PFFButton name="ExT_New"/>
          <PFFButton name="ExT_Open"/>
        </PFFGroup>           -->
      <PFFGroup name="tool::home::onlineconversion" GroupType="PFFTitleBlock">
        <PFFButton name="Button:PDF2Word"/>
      </PFFGroup>
	  </toolbar>
    <toolbar name="tool::review_basic" shortKey="B">
      <PFFGroup name="tool::review_basic::basictools" GroupType="PFFTitleBlock">
        <PFFButton name="Hand"/>
        <PFFButton name="Select"/>
        <PFFButton name="Snapshot"/>
      </PFFGroup>
      <PFFGroup name="tool::review_basic::clipboard" GroupType="PFFTitleBlock">
        <PFFButton name="Cut" />
        <PFFButton name="Copy" />
        <PFFButton name="Paste" />
      </PFFGroup>
      <PFFGroup name="tool::review_basic::editing" GroupType="PFFTitleBlock">
        <PFFButton name="Delete"/>
        <PFFButton name="Undo" />
        <PFFButton name="Redo" />
		<PFFButton name="Repeat" />
      </PFFGroup>
      <PFFGroup name="tool::review_basic::search" GroupType="PFFTitleBlock">
        <PFFButton name="Find"/>
        <PFFButton name="Search"/>
        <PFFButton name="Catalog"/>
      </PFFGroup>
      <PFFGroup name="tool::review_basic::favorites" GroupType="PFFTitleBlock">
        <PFFButton name="Favorites"/>
      </PFFGroup>
      <PFFGroup name="tool::review_basic::readoutloud" GroupType="PFFTitleBlock">
        <PFFButton name="ReadCurrPage"/>
        <PFFButton name="ReadToEnd"/>
        <PFFButton name="Pause"/>
        <PFFButton name="Resume"/>
        <PFFButton name="RateUp"/>
        <PFFButton name="RateDown"/>
      </PFFGroup>
      <PFFGroup name="tool::review_basic::spellcheck"  GroupType="PFFTitleBlock">
        <PFFButton name="Zeon:CheckSpelling"/>
        <PFFButton name="Zeon:EditDictionary"/>
      </PFFGroup>
		</toolbar>
    <toolbar name="tool::comments" shortKey="C">
      <PFFGroup name="tool::comments::basictools" CaptionBtn="Comment_Basic_Tools_TitleBtnName" GroupType="PFFTitleBlock">
        <PFFButton name="Button:Note"/>
        <PFFButton name="Button:TypeWrite"/>
        <PFFButton name="Button:Freetext"/>
        <PFFButton name="Button:Callout"/>
        <PFFButton name="Button:Stamp"/>
      </PFFGroup>
      <PFFGroup name="tool::comments::textmarkup" CaptionBtn="Comment_Markup_Tools_TitleBtnName" GroupType="PFFTitleBlock">
         <PFFButton name="Button:Highlight" />
	  <PFFButton name="HighlightArea"/>
          <PFFButton name="Button:Crossout"/>
          <PFFButton name="Button:Underline"/>
          <PFFButton name="Button:Caret"/>
          <PFFButton name="Button:ReplaceText"/>
          <PFFButton name="Menu:SearchMarkup" />        
      
      </PFFGroup>
      <PFFGroup name="tool::comments::drawtools" CaptionBtn="Comment_Draw_Tools_TitleBtnName" GroupType="PFFTitleBlock">
        <PFFGroup GroupType="PFFRowBlock" rowMode="0" autoZip="0" row="3">
          <PFFGroup GroupType="PFFRowBlock" rowMode="1" autoZip="0" row="1">
            <PFFButton name="Button:Line" IconMode="2" Align="0"/>
			<PFFButton name="Button:Arrow" IconMode="2" Align="0"/>
			<PFFButton name="Button:Circle" IconMode="2" Align="0"/>
          </PFFGroup>
          <PFFGroup GroupType="PFFRowBlock" rowMode="1" autoZip="0" row="1">
            <PFFButton name="Button:Rectangle" IconMode="2" Align="0"/>
            <PFFButton name="Button:Polygon" IconMode="2" Align="0"/>
			<PFFButton name="Button:Cloudy" IconMode="2" Align="0"/>
          </PFFGroup>
		  <PFFGroup GroupType="PFFRowBlock" rowMode="1" autoZip="0" row="1">
            <PFFButton name="Button:PLine" IconMode="2" Align="0"/>
            <PFFButton name="Button:Pencil" IconMode="2" Align="0"/>
			<PFFButton name="Button:Erase" IconMode="2" Align="0"/>
          </PFFGroup>
          <PFFGroup GroupType="PFFRowBlock" rowMode="1" autoZip="0" row="1">
            <PFFButton name="Button:Hammer" IconMode="2" Align="0"/>
          </PFFGroup>
        </PFFGroup>
      </PFFGroup>
      <PFFGroup name="tool::comments::attachments" GroupType="PFFTitleBlock">
        <PFFGroup GroupType="PFFRowBlock" rowMode="0" autoZip="0" row="3">
          <PFFButton name="AttachFile" IconMode="2"/>
          <PFFButton name="AttachSound" IconMode="2"/>
          <PFFButton name="AttachVideo" IconMode="2"/>
        </PFFGroup>
      </PFFGroup>
      <PFFGroup name="tool::comments::measuretools" GroupType="PFFTitleBlock">
        <PFFGroup GroupType="PFFRowBlock" rowMode="0" autoZip="0" row="3">
          <PFFButton name="Button:MLine" IconMode="2" />
          <PFFButton name="Button:MPLine" IconMode="2" />
          <PFFButton name="Button:MPolygon" IconMode="2" />
        </PFFGroup>
      </PFFGroup>
      <PFFGroup name="tool::comments::commentprocessing" GroupType="PFFTitleBlock">
        <PFFGroup GroupType="PFFRowBlock" rowMode="0" autoZip="0" row="3">
          <PFFButton name="Button:ManageComments" IconMode="2"/>
          <PFFButton name="Menu:SearchComments" IconMode="2"/>
          <PFFButton name="Menu:ExportComment" IconMode="2"/>
        </PFFGroup>
        <PFFGroup GroupType="PFFRowBlock" rowMode="0" autoZip="0" row="3">
          <PFFButton name="Menu:ImportComment" IconMode="2"/>
          <PFFButton name="Menu:Migrate" IconMode="2"/>
          <PFFButton name="Button:CreateCommentSummary" IconMode="2"/>
        </PFFGroup>        
      </PFFGroup>
    </toolbar>
<!--    <toolbar name="tool::security" shortKey="E">
      <PFFGroup name="tool::security::redaction" GroupType="PFFTitleBlock">
        <PFFButton name="MarkRedaction" />
        <PFFButton name="RedactionToolProperties"/>
        <PFFButton name="RedactionSearch"/>
        <PFFButton name="RedactionApply"/>
      </PFFGroup>
      <PFFGroup name="tool::security::inspectdocument" GroupType="PFFTitleBlock">
        <PFFButton name="Button:InspectDocument"/>
      </PFFGroup>
      <PFFGroup name="tool::security::sign_certify" GroupType="PFFTitleBlock">
        <PFFButton name="Button:Signature"/>
        <PFFButton name="SignWithWACOMPad"/>
        <PFFButton name="DigSig"/>
        <PFFButton name="SignCert"/>
        <PFFButton name="TimeStampDocument"/>
        <PFFButton name="SignPanel"/>
      </PFFGroup>
      <PFFGroup name="tool::security::encryption" GroupType="PFFTitleBlock">
        <PFFButton name="SecurityPanel"/>
        <PFFButton name="DocSecurity"/>
      </PFFGroup>
      <PFFGroup name="tool::security::digital_certify" GroupType="PFFTitleBlock">
        <PFFButton name="Trusted Identity"/>
        <PFFButton name="Security Settings"/>
      </PFFGroup>
      <PFFGroup name="tool::security::securitydelivery" GroupType="PFFTitleBlock">
        <PFFButton name="SecureButton"/>
        <PFFButton name="Button:Envelope"/>
      </PFFGroup>
      <PFFGroup name="tool::security::Securitysettings" GroupType="PFFTitleBlock">
        <PFFButton name="Import Security Settings" />
        <PFFButton name="Export Security Settings" />
      </PFFGroup>
      <PFFGroup name="tool::security::drm"  GroupType="PFFTitleBlock">
        <PFFButton name="RMS Protect" IconMode="1" />
      </PFFGroup>
    </toolbar>
-->
    <toolbar name="tool::form" shortKey="O">
      <PFFGroup name="tool::form::advanced"  GroupType="PFFTitleBlock">
        <PFFButton name="ZeonForm:CalcOrder"/>
        <PFFButton name="Form:Highlight"/>
        <PFFButton name="Form:Reset"/>
        <PFFButton name="ZeonForm:ImportFDF" />
        <PFFButton name="ZeonForm:ExportFDF"/>
        <PFFButton name="ZeonForm:ExportCSV"/>
      </PFFGroup>
    </toolbar>
		<toolbar name="tool::view" shortKey ="V">
      <PFFGroup name="tool::view::rulerandgrid" GroupType="PFFTitleBlock">
        <PFFButton name="Grid" />
        <PFFButton name="SnapToGrid" />
        <PFFButton name="Ruler" />
        <PFFButton name="Guide" />
        <PFFButton name="LineWeights"/>
      </PFFGroup>
      <PFFGroup name="tool::view::zoom" GroupType="PFFTitleBlock">
        <PFFButton name="ZoomInTool"/>
        <PFFButton name="ZoomOutTool"/>
        <PFFButton name="ZoomDynamic"/>
        <PFFButton name="Loupe"/>
      </PFFGroup>
      <PFFGroup name="tool::view::window" GroupType="PFFTitleBlock">
        <PFFButton name="NewWindow"/>
		<PFFButton name="SwitchWindow"/>
		<PFFGroup GroupType="PFFRowBlock" rowMode="0" autoZip="0" row="3">
		  <PFFButton name="SplitHorz" IconMode="2"/>
          <PFFButton name="SplitVert" IconMode="2"/>
          <PFFButton name="SpreadsheetSplit" IconMode="2"/>
        </PFFGroup>
        <PFFGroup GroupType="PFFRowBlock" rowMode="0" autoZip="0" row="3">
		  <PFFButton name="Cascade" IconMode="2"/>
          <PFFButton name="Tile" IconMode="2"/>
          <PFFButton name="CloseAll" IconMode="2"/>
	    </PFFGroup>
	    </PFFGroup>
      <PFFGroup name="tool::view::viewfolder" GroupType="PFFTitleBlock">
        <PFFButton name="Zeon:ViewFolder:Prev"/>
        <PFFButton name="Zeon:ViewFolder:Next"/>
      </PFFGroup>
      <PFFGroup name="tool::view::AllWindows" GroupType="PFFTitleBlock">
        <PFFButton name="Button:Presentation"/>
      </PFFGroup>
    </toolbar>
	 <ContextBar name="TouchupObjectContextBar">
      <toolbar name="TouchupObjectBar" shortKey ="U" visible="0" customizable="0">
        <PFFGroup name="tool::touchupobj::arrange"  GroupType="PFFTitleBlock">
          <PFFButton name="TO_BringtoTop"  IconMode="0" Align="4"/>
          <PFFButton name="TO_BringForward"  IconMode="0" Align="4"/>
          <PFFButton name="TO_SendBackward"  IconMode="0" Align="4"/>
          <PFFButton name="TO_SendtoBack"  IconMode="0" Align="4"/>
        </PFFGroup>
        <PFFGroup name="tool::touchupobj::flip"  GroupType="PFFTitleBlock">
          <PFFButton name="TO_FlipHori"  IconMode="0" Align="4"/>
          <PFFButton name="TO_FlipVert"  IconMode="0" Align="4"/>
        </PFFGroup>
        <PFFGroup name="tool::touchupobj::rotate"  GroupType="PFFTitleBlock">
          <PFFButton name="TO_RotateClockwise"  IconMode="0" Align="4"/>
          <PFFButton name="TO_RotateCounterclockwise"  IconMode="0" Align="4"/>
        </PFFGroup>
        <PFFGroup name="tool::touchupobj::group"  GroupType="PFFTitleBlock">
          <PFFButton name="TO_SelectParent"  IconMode="0" Align="4"/>
          <PFFButton name="TO_Group"  IconMode="0" Align="4"/>
          <PFFButton name="TO_Ungroup"  IconMode="0" Align="4"/>
        </PFFGroup>
        <PFFGroup name="tool::touchupobj::edit"  GroupType="PFFTitleBlock">
          <PFFButton name="TO_CropImage"  IconMode="0" Align="4"/>
          <PFFButton name="TO_EditGraphic"  IconMode="0" Align="4"/>
          <PFFButton name="TO_EditPoints"  IconMode="0" Align="4"/>
        </PFFGroup>
        <PFFGroup name="tool::touchupobj::properties"  GroupType="PFFTitleBlock">
          <PFFButton name="TO_Properties"  IconMode="0" Align="4"/>
        </PFFGroup>
        <PFFGroup name="tool::touchupobj::close"  GroupType="PFFTitleBlock">
          <PFFButton name="TO_Close"  IconMode="0" Align="4"/>
        </PFFGroup>
      </toolbar>
     </ContextBar>
    <toolbar name="tool::help" ShortKey="P">
      <PFFGroup name="tool::help::support" GroupType="PFFTitleBlock">
        <PFFButton name="ZEON:OnlieGuide"/>
	       <PFFButton name="ZEON:CustomerSupport"/>
      </PFFGroup>
      <PFFGroup name="tool::help::product" GroupType="PFFTitleBlock">
        <PFFButton name="ZEON:DetectAndRepair"/>
        <PFFButton name="ZEON:OnlineUpdate"/>
		<PFFButton name="ZEON:LicenceInfo"/>
      </PFFGroup>
      <PFFGroup name="tool::help::purchase" GroupType="PFFTitleBlock">
		<PFFButton name="ZEON:LearnOther"/>
        <PFFButton name="ZEON:OnlinePurchase"/>
      </PFFGroup>
    </toolbar>
    <toolbar name="ZEON:Add-ins" shortKey ="D" itemcount="2">
      <PFFGroup name="ZEON:MenuCommand" GroupType="PFFTitleBlock" />
      <PFFGroup name="ZEON:ToolbarCommand" GroupType="PFFTitleBlock" />
    </toolbar>
	</Top>
</Frisbee>
</GaaihoLayout>
